
{"data":
[{"check":"","name":"雷达001","pro":"98%","reachNum":"2350",",totalNum":"167890"},
  {"check":"","name":"雷达002","pro":"98%","reachNum":"2350",",totalNum":"167890"},
  {"check":"","name":"雷达003","pro":"98%","reachNum":"2350",",totalNum":"167890"},
  {"check":"","name":"雷达004","pro":"98%","reachNum":"2350",",totalNum":"167890"},
  {"check":"","name":"雷达005","pro":"98%","reachNum":"2350",",totalNum":"167890"},
  {"check":"","name":"雷达006","pro":"98%","reachNum":"2350",",totalNum":"167890"}
















]}