
{"data":
[{"check":"","name":"雷达001","type":"MLTh","part":"山东科技大学（青岛校区）北门A","age":"正在运行","work":"一组","sex":"New001"},
  {"check":"","name":"雷达002","type":"MLTh","part":"山东科技大学（青岛校区）北门B","age":"正在运行","work":"二组","sex":"New002"},
  {"check":"","name":"雷达003","type":"MLTh","part":"辛安街道283号A","age":"待机","work":"一组","sex":"New003"},
  {"check":"","name":"雷达004","type":"MLTh","part":"辛安街道283号B","age":"正修理中","work":"一组","sex":"New004"},
  {"check":"","name":"雷达005","type":"MLTh","part":"辛安街道283号C","age":"正在运行","work":"一组","sex":"New005"},
  {"check":"","name":"雷达006","type":"MLTh","part":"辛安街道283号D","age":"正在运行","work":"一组","sex":"New006"},
  {"check":"","name":"雷达007","type":"MLTh","part":"青岛市黄岛区前湾港路298号A","age":"正在运行","work":"一组","sex":"New007"},
  {"check":"","name":"雷达008","type":"MLTh","part":"青岛市黄岛区前湾港路298号A","age":"正在运行","work":"一组","sex":"New008"},
  {"check":"","name":"雷达009","type":"MLTh","part":"青岛市黄岛区渭河路252号","age":"正在运行","work":"一组","sex":"New009"},
  {"check":"","name":"雷达010","type":"MLTh","part":"青岛市黄岛区渭河路809号","age":"正在运行","work":"一组","sex":"New010"},
  {"check":"","name":"雷达011","type":"MLTh","part":"青岛市黄岛区渭河路919号","age":"正在运行","work":"一组","sex":"New011"}
















]}